id,name,email
1,Andri,andri@testmail.com
2,Indrawan,indrawan@testmail.com
3,Budi,Budi@testmail.com
4,Iwan,Iwan@testmail.com
5,Bambang,Bambang@testmail.com
6,Kurnia,Kurnia@testmail.com
7,Sandi,Sandi@testmail.com
8,Atmajaya,Atmajaya@testmail.com
9,Kurniawan,Kurniawan@testmail.com
10,Dermawan,Dermawan@testmail.com
11,Joko,Joko@testmail.com
12,Widodo,Widodo@testmail.com
13,Rizieq,sihabe9@testmail.com



